Workbook

Sheet Legend
A1: Iteration | B1: Week number
A2: X1…X8 | B2: First to eight dimension of submitted point
A3: Predicted Value | B3: GP surrogate prediction at that point
A4: Best So Far | B4: Running best predicted value
A5: Improvement | B5: Improvement over previous best
A6: Cumulative Max | B6: Max of all predicted values so far
A7: Regret | B7: Difference between global best and current best

Sheet Function 1
A1: Iteration | B1: X1 | C1: X2 | D1: Predicted Value | E1: Real Value | F1: Best so Far | G1: Improvement | H1: Cumulative Max | I1: Regret | J1: Distance from Previous | K1: Global Optimum | L1: Normalised Improvement | M1: Acqusition Score (optional) | N1: Model | O1: Acq Method | P1: Grid Size | Q1: Kappa
A2: Week 1
A3: Week 2
A4: Week 3 | B4: 0.579291 | C4: 1.059596 | D4: -0.00017032996 | E4: 4.507438e-133 | F4: =D4 -> -0.00017032996 | G4: =0 -> 0 | H4: =D4 -> -0.00017032996 | I4: =$K$1 - F4 -> #VALUE! | M4: 3.0545856 | N4: Guassian Process Regressor | O4: UCB | P4: 100 | Q4: 3
A5: Week 4 | B5: 0.436769 | C5: 0.825163 | D5: -1.2252515e-14 | E5: -1.519972e-55 | F5: =MAX(F4, D5) -> -1.2252515e-14 | G5: =D5 - F4 -> 0.00017032996 | H5: =MAX(H4, D5) -> -1.2252515e-14 | I5: =$K$1 - F5 -> #VALUE! | J5: =SQRT(SUMXMY2(B5:C5, B4:C4)) -> 0.27435625 | L5: =IF(F4=0,0,(D5 - F4)/ABS(F4)) -> 1 | M5: 0.2773801
A6: Week 5 | B6: 0.46939502 | C6: 1.0500915 | D6: 0.14281653 | E6: -6.6884853e-142 | F6: =MAX(F5,#REF!) -> #REF! | G6: =#REF! - F5 -> #REF! | H6: =MAX(H5,#REF!) -> #REF! | I6: =$K$1 - F6 -> #VALUE! | J6: =SQRT(SUMXMY2(#REF!, B5:C5)) -> #REF! | L6: =IF(F5=0,0,(#REF! - F5)/ABS(F5)) -> #REF! | M6: 0.47373519
A7: Week 6 | F7: =MAX(F6, D7) -> #REF! | G7: =D7 - F6 -> #REF! | H7: =MAX(H6, D7) -> #REF! | I7: =$K$1 - F7 -> #VALUE! | J7: =SQRT( SUMXMY2(B7:C7,#REF!)) -> #REF! | L7: =IF(F6=0,0,(D7 - F6)/ABS(F6)) -> #REF!
A8: Week 7 | F8: =MAX(F7, D8) -> #REF! | G8: =D8 - F7 -> #REF! | H8: =MAX(H7, D8) -> #REF! | I8: =$K$1 - F8 -> #VALUE! | J8: =SQRT(SUMXMY2(B8:C8, B7:C7)) -> #DIV/0! | L8: =IF(F7=0,0,(D8 - F7)/ABS(F7)) -> #REF!
A9: Week 8 | F9: =MAX(F8, D9) -> #REF! | G9: =D9 - F8 -> #REF! | H9: =MAX(H8, D9) -> #REF! | I9: =$K$1 - F9 -> #VALUE! | J9: =SQRT(SUMXMY2(B9:C9, B8:C8)) -> #DIV/0! | L9: =IF(F8=0,0,(D9 - F8)/ABS(F8)) -> #REF!
A10: Week 9 | F10: =MAX(F9, D10) -> #REF! | G10: =D10 - F9 -> #REF! | H10: =MAX(H9, D10) -> #REF! | I10: =$K$1 - F10 -> #VALUE! | J10: =SQRT(SUMXMY2(B10:C10, B9:C9)) -> #DIV/0! | L10: =IF(F9=0,0,(D10 - F9)/ABS(F9)) -> #REF!
A11: Week 10 | F11: =MAX(F10, D11) -> #REF! | G11: =D11 - F10 -> #REF! | H11: =MAX(H10, D11) -> #REF! | I11: =$K$1 - F11 -> #VALUE! | J11: =SQRT(SUMXMY2(B11:C11, B10:C10)) -> #DIV/0! | L11: =IF(F10=0,0,(D11 - F10)/ABS(F10)) -> #REF!
A12: Week 11 | F12: =MAX(F11, D12) -> #REF! | G12: =D12 - F11 -> #REF! | H12: =MAX(H11, D12) -> #REF! | I12: =$K$1 - F12 -> #VALUE! | J12: =SQRT(SUMXMY2(B12:C12, B11:C11)) -> #DIV/0! | L12: =IF(F11=0,0,(D12 - F11)/ABS(F11)) -> #REF!
A13: Week 12 | F13: =MAX(F12, D13) -> #REF! | G13: =D13 - F12 -> #REF! | H13: =MAX(H12, D13) -> #REF! | I13: =$K$1 - F13 -> #VALUE! | J13: =SQRT(SUMXMY2(B13:C13, B12:C12)) -> #DIV/0! | L13: =IF(F12=0,0,(D13 - F12)/ABS(F12)) -> #REF!
A14: Week 13 | F14: =MAX(F13, D14) -> #REF! | G14: =D14 - F13 -> #REF! | H14: =MAX(H13, D14) -> #REF! | I14: =$K$1 - F14 -> #VALUE! | J14: =SQRT(SUMXMY2(B14:C14, B13:C13)) -> #DIV/0! | L14: =IF(F13=0,0,(D14 - F13)/ABS(F13)) -> #REF!
A15: Week 14 | F15: =MAX(F14, D15) -> #REF! | G15: =D15 - F14 -> #REF! | H15: =MAX(H14, D15) -> #REF! | I15: =$K$1 - F15 -> #VALUE! | J15: =SQRT(SUMXMY2(B15:C15, B14:C14)) -> #DIV/0! | L15: =IF(F14=0,0,(D15 - F14)/ABS(F14)) -> #REF!
A16: Week 15 | F16: =MAX(F15, D16) -> #REF! | G16: =D16 - F15 -> #REF! | H16: =MAX(H15, D16) -> #REF! | I16: =$K$1 - F16 -> #VALUE! | J16: =SQRT(SUMXMY2(B16:C16, B15:C15)) -> #DIV/0! | L16: =IF(F15=0,0,(D16 - F15)/ABS(F15)) -> #REF!
A17: Week 16 | F17: =MAX(F16, D17) -> #REF! | G17: =D17 - F16 -> #REF! | H17: =MAX(H16, D17) -> #REF! | I17: =$K$1 - F17 -> #VALUE! | J17: =SQRT(SUMXMY2(B17:C17, B16:C16)) -> #DIV/0! | L17: =IF(F16=0,0,(D17 - F16)/ABS(F16)) -> #REF!
A18: Week 17 | F18: =MAX(F17, D18) -> #REF! | G18: =D18 - F17 -> #REF! | H18: =MAX(H17, D18) -> #REF! | I18: =$K$1 - F18 -> #VALUE! | J18: =SQRT(SUMXMY2(B18:C18, B17:C17)) -> #DIV/0! | L18: =IF(F17=0,0,(D18 - F17)/ABS(F17)) -> #REF!
A19: Week 18 | F19: =MAX(F18, D19) -> #REF! | G19: =D19 - F18 -> #REF! | H19: =MAX(H18, D19) -> #REF! | I19: =$K$1 - F19 -> #VALUE! | J19: =SQRT(SUMXMY2(B19:C19, B18:C18)) -> #DIV/0! | L19: =IF(F18=0,0,(D19 - F18)/ABS(F18)) -> #REF!
... A21: Week 20 | F21: =MAX(F20, D21) -> #REF! | G21: =D21 - F20 -> #REF! | H21: =MAX(H20, D21) -> #REF! | I21: =$K$1 - F21 -> #VALUE! | J21: =SQRT(SUMXMY2(B21:C21, B20:C20)) -> #DIV/0! | L21: =IF(F20=0,0,(D21 - F20)/ABS(F20)) -> #REF!
F22: =MAX(F21, D22) -> #REF! | G22: =D22 - F21 -> #REF! | H22: =MAX(H21, D22) -> #REF! | I22: =$K$1 - F22 -> #VALUE! | J22: =SQRT(SUMXMY2(B22:C22, B21:C21)) -> #DIV/0! | L22: =IF(F21=0,0,(D22 - F21)/ABS(F21)) -> #REF!

Sheet Function 2
A1: Iteration | B1: X1 | C1: X2 | D1: Predicted Value | E1: Real Value | F1: Best so Far | G1: Improvement | H1: Cumulative Max | I1: Regret | J1: Distance from Previous | K1: Global Optimum | L1: Normalised Improvement | M1: Acqusition Score (optional) | N1: Model | O1: Acq Method | P1: Grid Size | Q1: Kappa
A2: Week 1
A3: Week 2
A4: Week 3 | B4: 0.722766 | C4: 0.839711 | D4: 0.53614442 | E4: 0.53382698 | F4: =D4 -> 0.53614442 | G4: =0 -> 0 | H4: =D4 -> 0.53614442 | I4: =$K$1 - F4 -> #VALUE! | M4: 3.4757749 | N4: Guassian Process Regressor | O4: UCB | P4: 100 | Q4: 3
A5: Week 4 | B5: 0.691873 | C5: 0.263356 | D5: 0.59608136 | E5: 0.59608136 | F5: =MAX(F4, D5) -> 0.59608136 | G5: =D5 - F4 -> 0.059936943 | H5: =MAX(H4, D5) -> 0.59608136 | I5: =$K$1 - F5 -> #VALUE! | J5: =SQRT(SUMXMY2(B5:C5, B4:C4)) -> 0.57718235 | L5: =IF(F4=0,0,(D5 - F4)/ABS(F4)) -> 0.11179253 | M5: 1.439315
A6: Week 5 | B6: 0.790304 | C6: 0.104833 | D6: 0.67901355 | E6: 0.016861726 | F6: =MAX(F5, 'Function 1'!D6) -> 0.59608136 | G6: ='Function 1'!D6 - F5 -> -0.45326483 | H6: =MAX(H5, 'Function 1'!D6) -> 0.59608136 | I6: =$K$1 - F6 -> #VALUE! | J6: =SQRT(SUMXMY2('Function 1'!B6:C6, B5:C5)) -> 0.8175874 | L6: =IF(F5=0,0,('Function 1'!D6 - F5)/ABS(F5)) -> -0.76040766 | M6: 2.1745031
A7: Week 6 | F7: =MAX(F6, D7) -> 0.59608136 | G7: =D7 - F6 -> -0.59608136 | H7: =MAX(H6, D7) -> 0.59608136 | I7: =$K$1 - F7 -> #VALUE! | J7: =SQRT(SUMXMY2(B7:C7, 'Function 1'!B6:C6)) -> #DIV/0! | L7: =IF(F6=0,0,(D7 - F6)/ABS(F6)) -> -1
A8: Week 7 | F8: =MAX(F7, D8) -> 0.59608136 | G8: =D8 - F7 -> -0.59608136 | H8: =MAX(H7, D8) -> 0.59608136 | I8: =$K$1 - F8 -> #VALUE! | J8: =SQRT(SUMXMY2(B8:C8, B7:C7)) -> #DIV/0! | L8: =IF(F7=0,0,(D8 - F7)/ABS(F7)) -> -1
A9: Week 8 | F9: =MAX(F8, D9) -> 0.59608136 | G9: =D9 - F8 -> -0.59608136 | H9: =MAX(H8, D9) -> 0.59608136 | I9: =$K$1 - F9 -> #VALUE! | J9: =SQRT(SUMXMY2(B9:C9, B8:C8)) -> #DIV/0! | L9: =IF(F8=0,0,(D9 - F8)/ABS(F8)) -> -1
A10: Week 9 | F10: =MAX(F9, D10) -> 0.59608136 | G10: =D10 - F9 -> -0.59608136 | H10: =MAX(H9, D10) -> 0.59608136 | I10: =$K$1 - F10 -> #VALUE! | J10: =SQRT(SUMXMY2(B10:C10, B9:C9)) -> #DIV/0! | L10: =IF(F9=0,0,(D10 - F9)/ABS(F9)) -> -1
A11: Week 10 | F11: =MAX(F10, D11) -> 0.59608136 | G11: =D11 - F10 -> -0.59608136 | H11: =MAX(H10, D11) -> 0.59608136 | I11: =$K$1 - F11 -> #VALUE! | J11: =SQRT(SUMXMY2(B11:C11, B10:C10)) -> #DIV/0! | L11: =IF(F10=0,0,(D11 - F10)/ABS(F10)) -> -1
A12: Week 11 | F12: =MAX(F11, D12) -> 0.59608136 | G12: =D12 - F11 -> -0.59608136 | H12: =MAX(H11, D12) -> 0.59608136 | I12: =$K$1 - F12 -> #VALUE! | J12: =SQRT(SUMXMY2(B12:C12, B11:C11)) -> #DIV/0! | L12: =IF(F11=0,0,(D12 - F11)/ABS(F11)) -> -1
A13: Week 12 | F13: =MAX(F12, D13) -> 0.59608136 | G13: =D13 - F12 -> -0.59608136 | H13: =MAX(H12, D13) -> 0.59608136 | I13: =$K$1 - F13 -> #VALUE! | J13: =SQRT(SUMXMY2(B13:C13, B12:C12)) -> #DIV/0! | L13: =IF(F12=0,0,(D13 - F12)/ABS(F12)) -> -1
A14: Week 13 | F14: =MAX(F13, D14) -> 0.59608136 | G14: =D14 - F13 -> -0.59608136 | H14: =MAX(H13, D14) -> 0.59608136 | I14: =$K$1 - F14 -> #VALUE! | J14: =SQRT(SUMXMY2(B14:C14, B13:C13)) -> #DIV/0! | L14: =IF(F13=0,0,(D14 - F13)/ABS(F13)) -> -1
A15: Week 14 | F15: =MAX(F14, D15) -> 0.59608136 | G15: =D15 - F14 -> -0.59608136 | H15: =MAX(H14, D15) -> 0.59608136 | I15: =$K$1 - F15 -> #VALUE! | J15: =SQRT(SUMXMY2(B15:C15, B14:C14)) -> #DIV/0! | L15: =IF(F14=0,0,(D15 - F14)/ABS(F14)) -> -1
A16: Week 15 | F16: =MAX(F15, D16) -> 0.59608136 | G16: =D16 - F15 -> -0.59608136 | H16: =MAX(H15, D16) -> 0.59608136 | I16: =$K$1 - F16 -> #VALUE! | J16: =SQRT(SUMXMY2(B16:C16, B15:C15)) -> #DIV/0! | L16: =IF(F15=0,0,(D16 - F15)/ABS(F15)) -> -1
A17: Week 16 | F17: =MAX(F16, D17) -> 0.59608136 | G17: =D17 - F16 -> -0.59608136 | H17: =MAX(H16, D17) -> 0.59608136 | I17: =$K$1 - F17 -> #VALUE! | J17: =SQRT(SUMXMY2(B17:C17, B16:C16)) -> #DIV/0! | L17: =IF(F16=0,0,(D17 - F16)/ABS(F16)) -> -1
A18: Week 17 | F18: =MAX(F17, D18) -> 0.59608136 | G18: =D18 - F17 -> -0.59608136 | H18: =MAX(H17, D18) -> 0.59608136 | I18: =$K$1 - F18 -> #VALUE! | J18: =SQRT(SUMXMY2(B18:C18, B17:C17)) -> #DIV/0! | L18: =IF(F17=0,0,(D18 - F17)/ABS(F17)) -> -1
A19: Week 18 | F19: =MAX(F18, D19) -> 0.59608136 | G19: =D19 - F18 -> -0.59608136 | H19: =MAX(H18, D19) -> 0.59608136 | I19: =$K$1 - F19 -> #VALUE! | J19: =SQRT(SUMXMY2(B19:C19, B18:C18)) -> #DIV/0! | L19: =IF(F18=0,0,(D19 - F18)/ABS(F18)) -> -1
... A21: Week 20 | F21: =MAX(F20, D21) -> 0.59608136 | G21: =D21 - F20 -> -0.59608136 | H21: =MAX(H20, D21) -> 0.59608136 | I21: =$K$1 - F21 -> #VALUE! | J21: =SQRT(SUMXMY2(B21:C21, B20:C20)) -> #DIV/0! | L21: =IF(F20=0,0,(D21 - F20)/ABS(F20)) -> -1
F22: =MAX(F21, D22) -> 0.59608136 | G22: =D22 - F21 -> -0.59608136 | H22: =MAX(H21, D22) -> 0.59608136 | I22: =$K$1 - F22 -> #VALUE! | J22: =SQRT(SUMXMY2(B22:C22, B21:C21)) -> #DIV/0! | L22: =IF(F21=0,0,(D22 - F21)/ABS(F21)) -> -1

Sheet Function 3
A1: Iteration | B1: X1 | C1: X2 | D1: X3 | E1: Predicted Value | F1: Real Value | G1: Best so Far | H1: Improvement | I1: Cumulative Max | J1: Regret | K1: Distance from Previous | L1: Global Optimum | M1: Normalised Improvement | N1: Acqusition Score (optional) | O1: Model | P1: Acq Method | Q1: Grid Size | R1: Kappa
A2: Week 1
A3: Week 2
A4: Week 3 | B4: 0.263346 | C4: 0.138532 | D4: 0.363743 | E4: -0.069617631 | F4: -0.04817921 | G4: =E4 -> -0.069617631 | H4: =0 -> 0 | I4: =E4 -> -0.069617631 | J4: =$L$1 - G4 -> #VALUE! | N4: 3.2056967 | O4: Guassian Process Regressor | P4: UCB | Q4: 100 | R4: 3
A5: Week 4 | B5: 0.4489 | C5: 0.470829 | D5: 0.414315 | F5: -0.020404413 | G5: =MAX(G4, E5) -> -0.069617631 | H5: =E5 - G4 -> 0.069617631 | I5: =MAX(I4, E5) -> -0.069617631 | J5: =$L$1 - G5 -> #VALUE! | K5: =SQRT(SUMXMY2(B5:D5, B4:D4)) -> 0.38393894 | M5: =IF(G4=0,0,(E5 - G4)/ABS(G4)) -> 1
A6: Week 5 | B6: 0.357938 | C6: 0.038532 | D6: 0.517008 | E6: 0.011236049 | F6: -0.11753886 | G6: =MAX(G5, E6) -> 0.011236049 | H6: =E6 - G5 -> 0.08085368 | I6: =MAX(I5, E6) -> 0.011236049 | J6: =$L$1 - G6 -> #VALUE! | K6: =SQRT(SUMXMY2(B6:D6, B5:D5)) -> 0.45354232 | M6: =IF(G5=0,0,(E6 - G5)/ABS(G5)) -> 1.1613966 | N6: 0.75860397
A7: Week 6 | G7: =MAX(G6, E7) -> 0.011236049 | H7: =E7 - G6 -> -0.011236049 | I7: =MAX(I6, E7) -> 0.011236049 | J7: =$L$1 - G7 -> #VALUE! | K7: =SQRT(SUMXMY2(B7:D7, B6:D6)) -> #DIV/0! | M7: =IF(G6=0,0,(E7 - G6)/ABS(G6)) -> -1
A8: Week 7 | G8: =MAX(G7, E8) -> 0.011236049 | H8: =E8 - G7 -> -0.011236049 | I8: =MAX(I7, E8) -> 0.011236049 | J8: =$L$1 - G8 -> #VALUE! | K8: =SQRT(SUMXMY2(B8:D8, B7:D7)) -> #DIV/0! | M8: =IF(G7=0,0,(E8 - G7)/ABS(G7)) -> -1
A9: Week 8 | G9: =MAX(G8, E9) -> 0.011236049 | H9: =E9 - G8 -> -0.011236049 | I9: =MAX(I8, E9) -> 0.011236049 | J9: =$L$1 - G9 -> #VALUE! | K9: =SQRT(SUMXMY2(B9:D9, B8:D8)) -> #DIV/0! | M9: =IF(G8=0,0,(E9 - G8)/ABS(G8)) -> -1
A10: Week 9 | G10: =MAX(G9, E10) -> 0.011236049 | H10: =E10 - G9 -> -0.011236049 | I10: =MAX(I9, E10) -> 0.011236049 | J10: =$L$1 - G10 -> #VALUE! | K10: =SQRT(SUMXMY2(B10:D10, B9:D9)) -> #DIV/0! | M10: =IF(G9=0,0,(E10 - G9)/ABS(G9)) -> -1
A11: Week 10 | G11: =MAX(G10, E11) -> 0.011236049 | H11: =E11 - G10 -> -0.011236049 | I11: =MAX(I10, E11) -> 0.011236049 | J11: =$L$1 - G11 -> #VALUE! | K11: =SQRT(SUMXMY2(B11:D11, B10:D10)) -> #DIV/0! | M11: =IF(G10=0,0,(E11 - G10)/ABS(G10)) -> -1
A12: Week 11 | G12: =MAX(G11, E12) -> 0.011236049 | H12: =E12 - G11 -> -0.011236049 | I12: =MAX(I11, E12) -> 0.011236049 | J12: =$L$1 - G12 -> #VALUE! | K12: =SQRT(SUMXMY2(B12:D12, B11:D11)) -> #DIV/0! | M12: =IF(G11=0,0,(E12 - G11)/ABS(G11)) -> -1
A13: Week 12 | G13: =MAX(G12, E13) -> 0.011236049 | H13: =E13 - G12 -> -0.011236049 | I13: =MAX(I12, E13) -> 0.011236049 | J13: =$L$1 - G13 -> #VALUE! | K13: =SQRT(SUMXMY2(B13:D13, B12:D12)) -> #DIV/0! | M13: =IF(G12=0,0,(E13 - G12)/ABS(G12)) -> -1
A14: Week 13 | G14: =MAX(G13, E14) -> 0.011236049 | H14: =E14 - G13 -> -0.011236049 | I14: =MAX(I13, E14) -> 0.011236049 | J14: =$L$1 - G14 -> #VALUE! | K14: =SQRT(SUMXMY2(B14:D14, B13:D13)) -> #DIV/0! | M14: =IF(G13=0,0,(E14 - G13)/ABS(G13)) -> -1
A15: Week 14 | G15: =MAX(G14, E15) -> 0.011236049 | H15: =E15 - G14 -> -0.011236049 | I15: =MAX(I14, E15) -> 0.011236049 | J15: =$L$1 - G15 -> #VALUE! | K15: =SQRT(SUMXMY2(B15:D15, B14:D14)) -> #DIV/0! | M15: =IF(G14=0,0,(E15 - G14)/ABS(G14)) -> -1
A16: Week 15 | G16: =MAX(G15, E16) -> 0.011236049 | H16: =E16 - G15 -> -0.011236049 | I16: =MAX(I15, E16) -> 0.011236049 | J16: =$L$1 - G16 -> #VALUE! | K16: =SQRT(SUMXMY2(B16:D16, B15:D15)) -> #DIV/0! | M16: =IF(G15=0,0,(E16 - G15)/ABS(G15)) -> -1
A17: Week 16 | G17: =MAX(G16, E17) -> 0.011236049 | H17: =E17 - G16 -> -0.011236049 | I17: =MAX(I16, E17) -> 0.011236049 | J17: =$L$1 - G17 -> #VALUE! | K17: =SQRT(SUMXMY2(B17:D17, B16:D16)) -> #DIV/0! | M17: =IF(G16=0,0,(E17 - G16)/ABS(G16)) -> -1
A18: Week 17 | G18: =MAX(G17, E18) -> 0.011236049 | H18: =E18 - G17 -> -0.011236049 | I18: =MAX(I17, E18) -> 0.011236049 | J18: =$L$1 - G18 -> #VALUE! | K18: =SQRT(SUMXMY2(B18:D18, B17:D17)) -> #DIV/0! | M18: =IF(G17=0,0,(E18 - G17)/ABS(G17)) -> -1
... A21: Week 20 | G21: =MAX(G20, E21) -> 0.011236049 | H21: =E21 - G20 -> -0.011236049 | I21: =MAX(I20, E21) -> 0.011236049 | J21: =$L$1 - G21 -> #VALUE! | K21: =SQRT(SUMXMY2(B21:D21, B20:D20)) -> #DIV/0! | M21: =IF(G20=0,0,(E21 - G20)/ABS(G20)) -> -1
G22: =MAX(G21, E22) -> 0.011236049 | H22: =E22 - G21 -> -0.011236049 | I22: =MAX(I21, E22) -> 0.011236049 | J22: =$L$1 - G22 -> #VALUE! | K22: =SQRT(SUMXMY2(B22:D22, B21:D21)) -> #DIV/0! | M22: =IF(G21=0,0,(E22 - G21)/ABS(G21)) -> -1

Sheet Function 4
A1: Iteration | B1: X1 | C1: X2 | D1: X3 | E1: X4 | F1: Predicted Value | G1: Real Value | H1: Best so Far | I1: Improvement | J1: Cumulative Max | K1: Regret | L1: Distance from Previous | M1: Global Optimum | N1: Normalised Improvement | O1: Acqusition Score (optional) | P1: Model | Q1: Acq Method | R1: Grid Size | S1: Kappa
A2: Week 1
A3: Week 2
A4: Week 3 | B4: 0.529114 | C4: 0.378577 | D4: 0.407577 | E4: 0.150905 | F4: -7.6449091 | G4: -5.3133744 | H4: =F4 -> -7.6449091 | I4: =0 -> 0 | J4: =F4 -> -7.6449091 | K4: =$M$1 - H4 -> #VALUE! | O4: 3.5928359 | P4: Guassian Process Regressor | Q4: UCB | R4: 100 | S4: 3
A5: Week 4 | B5: 0.111733 | C5: 0.041201 | D5: 0.540545 | E5: 0.286416 | G5: -12.867749 | H5: =MAX(H4, F5) -> -7.6449091 | I5: =F5 - H4 -> 7.6449091 | J5: =MAX(J4, F5) -> -7.6449091 | K5: =$M$1 - H5 -> #VALUE! | L5: =SQRT(SUMXMY2(B5:E5, B4:E4)) -> 0.56927426 | N5: =IF(H4=0,0,(F5 - H4)/ABS(H4)) -> 1
A6: Week 5 | B6: 0.343612 | C6: 0.592249 | D6: 0.651353 | E6: 0.444513 | F6: -9.0442841 | G6: -7.2215701 | H6: =MAX(H5, F6) -> -7.6449091 | I6: =F6 - H5 -> -1.399375 | J6: =MAX(J5, F6) -> -7.6449091 | K6: =$M$1 - H6 -> #VALUE! | L6: =SQRT(SUMXMY2(B6:E6, B5:E5)) -> 0.62824744 | N6: =IF(H5=0,0,(F6 - H5)/ABS(H5)) -> -0.18304665 | O6: 0.028049611
A7: Week 6 | H7: =MAX(H6, F7) -> -7.6449091 | I7: =F7 - H6 -> 7.6449091 | J7: =MAX(J6, F7) -> -7.6449091 | K7: =$M$1 - H7 -> #VALUE! | L7: =SQRT(SUMXMY2(B7:E7, B6:E6)) -> #DIV/0! | N7: =IF(H6=0,0,(F7 - H6)/ABS(H6)) -> 1
A8: Week 7 | H8: =MAX(H7, F8) -> -7.6449091 | I8: =F8 - H7 -> 7.6449091 | J8: =MAX(J7, F8) -> -7.6449091 | K8: =$M$1 - H8 -> #VALUE! | L8: =SQRT(SUMXMY2(B8:E8, B7:E7)) -> #DIV/0! | N8: =IF(H7=0,0,(F8 - H7)/ABS(H7)) -> 1
A9: Week 8 | H9: =MAX(H8, F9) -> -7.6449091 | I9: =F9 - H8 -> 7.6449091 | J9: =MAX(J8, F9) -> -7.6449091 | K9: =$M$1 - H9 -> #VALUE! | L9: =SQRT(SUMXMY2(B9:E9, B8:E8)) -> #DIV/0! | N9: =IF(H8=0,0,(F9 - H8)/ABS(H8)) -> 1
A10: Week 9 | H10: =MAX(H9, F10) -> -7.6449091 | I10: =F10 - H9 -> 7.6449091 | J10: =MAX(J9, F10) -> -7.6449091 | K10: =$M$1 - H10 -> #VALUE! | L10: =SQRT(SUMXMY2(B10:E10, B9:E9)) -> #DIV/0! | N10: =IF(H9=0,0,(F10 - H9)/ABS(H9)) -> 1
A11: Week 10 | H11: =MAX(H10, F11) -> -7.6449091 | I11: =F11 - H10 -> 7.6449091 | J11: =MAX(J10, F11) -> -7.6449091 | K11: =$M$1 - H11 -> #VALUE! | L11: =SQRT(SUMXMY2(B11:E11, B10:E10)) -> #DIV/0! | N11: =IF(H10=0,0,(F11 - H10)/ABS(H10)) -> 1
A12: Week 11 | H12: =MAX(H11, F12) -> -7.6449091 | I12: =F12 - H11 -> 7.6449091 | J12: =MAX(J11, F12) -> -7.6449091 | K12: =$M$1 - H12 -> #VALUE! | L12: =SQRT(SUMXMY2(B12:E12, B11:E11)) -> #DIV/0! | N12: =IF(H11=0,0,(F12 - H11)/ABS(H11)) -> 1
A13: Week 12 | H13: =MAX(H12, F13) -> -7.6449091 | I13: =F13 - H12 -> 7.6449091 | J13: =MAX(J12, F13) -> -7.6449091 | K13: =$M$1 - H13 -> #VALUE! | L13: =SQRT(SUMXMY2(B13:E13, B12:E12)) -> #DIV/0! | N13: =IF(H12=0,0,(F13 - H12)/ABS(H12)) -> 1
A14: Week 13 | H14: =MAX(H13, F14) -> -7.6449091 | I14: =F14 - H13 -> 7.6449091 | J14: =MAX(J13, F14) -> -7.6449091 | K14: =$M$1 - H14 -> #VALUE! | L14: =SQRT(SUMXMY2(B14:E14, B13:E13)) -> #DIV/0! | N14: =IF(H13=0,0,(F14 - H13)/ABS(H13)) -> 1
A15: Week 14 | H15: =MAX(H14, F15) -> -7.6449091 | I15: =F15 - H14 -> 7.6449091 | J15: =MAX(J14, F15) -> -7.6449091 | K15: =$M$1 - H15 -> #VALUE! | L15: =SQRT(SUMXMY2(B15:E15, B14:E14)) -> #DIV/0! | N15: =IF(H14=0,0,(F15 - H14)/ABS(H14)) -> 1
A16: Week 15 | H16: =MAX(H15, F16) -> -7.6449091 | I16: =F16 - H15 -> 7.6449091 | J16: =MAX(J15, F16) -> -7.6449091 | K16: =$M$1 - H16 -> #VALUE! | L16: =SQRT(SUMXMY2(B16:E16, B15:E15)) -> #DIV/0! | N16: =IF(H15=0,0,(F16 - H15)/ABS(H15)) -> 1
A17: Week 16 | H17: =MAX(H16, F17) -> -7.6449091 | I17: =F17 - H16 -> 7.6449091 | J17: =MAX(J16, F17) -> -7.6449091 | K17: =$M$1 - H17 -> #VALUE! | L17: =SQRT(SUMXMY2(B17:E17, B16:E16)) -> #DIV/0! | N17: =IF(H16=0,0,(F17 - H16)/ABS(H16)) -> 1
A18: Week 17 | H18: =MAX(H17, F18) -> -7.6449091 | I18: =F18 - H17 -> 7.6449091 | J18: =MAX(J17, F18) -> -7.6449091 | K18: =$M$1 - H18 -> #VALUE! | L18: =SQRT(SUMXMY2(B18:E18, B17:E17)) -> #DIV/0! | N18: =IF(H17=0,0,(F18 - H17)/ABS(H17)) -> 1
... A21: Week 20 | H21: =MAX(H20, F21) -> -7.6449091 | I21: =F21 - H20 -> 7.6449091 | J21: =MAX(J20, F21) -> -7.6449091 | K21: =$M$1 - H21 -> #VALUE! | L21: =SQRT(SUMXMY2(B21:E21, B20:E20)) -> #DIV/0! | N21: =IF(H20=0,0,(F21 - H20)/ABS(H20)) -> 1
H22: =MAX(H21, F22) -> -7.6449091 | I22: =F22 - H21 -> 7.6449091 | J22: =MAX(J21, F22) -> -7.6449091 | K22: =$M$1 - H22 -> #VALUE! | L22: =SQRT(SUMXMY2(B22:E22, B21:E21)) -> #DIV/0! | N22: =IF(H21=0,0,(F22 - H21)/ABS(H21)) -> 1

Sheet Function 5
A1: Iteration | B1: X1 | C1: X2 | D1: X3 | E1: X4 | F1: Predicted Value | G1: Real Value | H1: Best so Far | I1: Improvement | J1: Cumulative Max | K1: Regret | L1: Distance from Previous | M1: Global Optimum | N1: Normalised Improvement | O1: Acqusition Score (optional) | P1: Model | Q1: Acq Method | R1: Grid Size | S1: Kappa
A2: Week 1
A3: Week 2
A4: Week 3 | B4: 0.254786 | C4: 0.802969 | D4: 0.855045 | E4: 0.93772 | F4: 844.3242 | G4: 1118.8725 | H4: =F4 -> 844.3242 | I4: =0 -> 0 | J4: =F4 -> 844.3242 | K4: =$M$1 - H4 -> #VALUE! | O4: 4.2039649 | P4: Guassian Process Regressor | Q4: UCB | R4: 100 | S4: 3
A5: Week 4 | B5: 0.242085 | C5: 0.848724 | D5: 0.469207 | E5: 0.893286 | G5: 386.68187 | H5: =MAX(H4, F5) -> 844.3242 | I5: =F5 - H4 -> -844.3242 | J5: =MAX(J4, F5) -> 844.3242 | K5: =$M$1 - H5 -> #VALUE! | L5: =SQRT(SUMXMY2(B5:E5, B4:E4)) -> 0.39128018 | N5: =IF(H4=0,0,(F5 - H4)/ABS(H4)) -> -1
A6: Week 5 | B6: 0.263058 | C6: 0.96254 | D6: 0.979484 | E6: 1.057644 | F6: 1360.3875 | G6: 4564.3289 | H6: =MAX(H5, F6) -> 1360.3875 | I6: =F6 - H5 -> 516.06331 | J6: =MAX(J5, F6) -> 1360.3875 | K6: =$M$1 - H6 -> #VALUE! | L6: =SQRT(SUMXMY2(B6:E6, B5:E5)) -> 0.54844336 | N6: =IF(H5=0,0,(F6 - H5)/ABS(H5)) -> 0.61121464 | O6: 3.7083422
A7: Week 6 | H7: =MAX(H6, F7) -> 1360.3875 | I7: =F7 - H6 -> -1360.3875 | J7: =MAX(J6, F7) -> 1360.3875 | K7: =$M$1 - H7 -> #VALUE! | L7: =SQRT(SUMXMY2(B7:E7, B6:E6)) -> #DIV/0! | N7: =IF(H6=0,0,(F7 - H6)/ABS(H6)) -> -1
A8: Week 7 | H8: =MAX(H7, F8) -> 1360.3875 | I8: =F8 - H7 -> -1360.3875 | J8: =MAX(J7, F8) -> 1360.3875 | K8: =$M$1 - H8 -> #VALUE! | L8: =SQRT(SUMXMY2(B8:E8, B7:E7)) -> #DIV/0! | N8: =IF(H7=0,0,(F8 - H7)/ABS(H7)) -> -1
A9: Week 8 | H9: =MAX(H8, F9) -> 1360.3875 | I9: =F9 - H8 -> -1360.3875 | J9: =MAX(J8, F9) -> 1360.3875 | K9: =$M$1 - H9 -> #VALUE! | L9: =SQRT(SUMXMY2(B9:E9, B8:E8)) -> #DIV/0! | N9: =IF(H8=0,0,(F9 - H8)/ABS(H8)) -> -1
A10: Week 9 | H10: =MAX(H9, F10) -> 1360.3875 | I10: =F10 - H9 -> -1360.3875 | J10: =MAX(J9, F10) -> 1360.3875 | K10: =$M$1 - H10 -> #VALUE! | L10: =SQRT(SUMXMY2(B10:E10, B9:E9)) -> #DIV/0! | N10: =IF(H9=0,0,(F10 - H9)/ABS(H9)) -> -1
A11: Week 10 | H11: =MAX(H10, F11) -> 1360.3875 | I11: =F11 - H10 -> -1360.3875 | J11: =MAX(J10, F11) -> 1360.3875 | K11: =$M$1 - H11 -> #VALUE! | L11: =SQRT(SUMXMY2(B11:E11, B10:E10)) -> #DIV/0! | N11: =IF(H10=0,0,(F11 - H10)/ABS(H10)) -> -1
A12: Week 11 | H12: =MAX(H11, F12) -> 1360.3875 | I12: =F12 - H11 -> -1360.3875 | J12: =MAX(J11, F12) -> 1360.3875 | K12: =$M$1 - H12 -> #VALUE! | L12: =SQRT(SUMXMY2(B12:E12, B11:E11)) -> #DIV/0! | N12: =IF(H11=0,0,(F12 - H11)/ABS(H11)) -> -1
A13: Week 12 | H13: =MAX(H12, F13) -> 1360.3875 | I13: =F13 - H12 -> -1360.3875 | J13: =MAX(J12, F13) -> 1360.3875 | K13: =$M$1 - H13 -> #VALUE! | L13: =SQRT(SUMXMY2(B13:E13, B12:E12)) -> #DIV/0! | N13: =IF(H12=0,0,(F13 - H12)/ABS(H12)) -> -1
A14: Week 13 | H14: =MAX(H13, F14) -> 1360.3875 | I14: =F14 - H13 -> -1360.3875 | J14: =MAX(J13, F14) -> 1360.3875 | K14: =$M$1 - H14 -> #VALUE! | L14: =SQRT(SUMXMY2(B14:E14, B13:E13)) -> #DIV/0! | N14: =IF(H13=0,0,(F14 - H13)/ABS(H13)) -> -1
A15: Week 14 | H15: =MAX(H14, F15) -> 1360.3875 | I15: =F15 - H14 -> -1360.3875 | J15: =MAX(J14, F15) -> 1360.3875 | K15: =$M$1 - H15 -> #VALUE! | L15: =SQRT(SUMXMY2(B15:E15, B14:E14)) -> #DIV/0! | N15: =IF(H14=0,0,(F15 - H14)/ABS(H14)) -> -1
A16: Week 15 | H16: =MAX(H15, F16) -> 1360.3875 | I16: =F16 - H15 -> -1360.3875 | J16: =MAX(J15, F16) -> 1360.3875 | K16: =$M$1 - H16 -> #VALUE! | L16: =SQRT(SUMXMY2(B16:E16, B15:E15)) -> #DIV/0! | N16: =IF(H15=0,0,(F16 - H15)/ABS(H15)) -> -1
A17: Week 16 | H17: =MAX(H16, F17) -> 1360.3875 | I17: =F17 - H16 -> -1360.3875 | J17: =MAX(J16, F17) -> 1360.3875 | K17: =$M$1 - H17 -> #VALUE! | L17: =SQRT(SUMXMY2(B17:E17, B16:E16)) -> #DIV/0! | N17: =IF(H16=0,0,(F17 - H16)/ABS(H16)) -> -1
A18: Week 17 | H18: =MAX(H17, F18) -> 1360.3875 | I18: =F18 - H17 -> -1360.3875 | J18: =MAX(J17, F18) -> 1360.3875 | K18: =$M$1 - H18 -> #VALUE! | L18: =SQRT(SUMXMY2(B18:E18, B17:E17)) -> #DIV/0! | N18: =IF(H17=0,0,(F18 - H17)/ABS(H17)) -> -1
... A21: Week 20 | H21: =MAX(H20, F21) -> 1360.3875 | I21: =F21 - H20 -> -1360.3875 | J21: =MAX(J20, F21) -> 1360.3875 | K21: =$M$1 - H21 -> #VALUE! | L21: =SQRT(SUMXMY2(B21:E21, B20:E20)) -> #DIV/0! | N21: =IF(H20=0,0,(F21 - H20)/ABS(H20)) -> -1
H22: =MAX(H21, F22) -> 1360.3875 | I22: =F22 - H21 -> -1360.3875 | J22: =MAX(J21, F22) -> 1360.3875 | K22: =$M$1 - H22 -> #VALUE! | L22: =SQRT(SUMXMY2(B22:E22, B21:E21)) -> #DIV/0! | N22: =IF(H21=0,0,(F22 - H21)/ABS(H21)) -> -1

Sheet Function 6
A1: Iteration | B1: X1 | C1: X2 | D1: X3 | E1: X4 | F1: X5 | G1: Predicted Value | H1: Real Value | I1: Best so Far | J1: Improvement | K1: Cumulative Max | L1: Regret | M1: Distance from Previous | N1: Global Optimum | O1: Normalised Improvement | P1: Acqusition Score (optional) | Q1: Model | R1: Acq Method | S1: Grid Size | T1: Kappa
A2: Week 1
A3: Week 2
A4: Week 3 | B4: 0.667597 | C4: 0.157201 | D4: 0.738339 | E4: 0.678368 | F4: 0.179636 | G4: -0.94037971 | H4: -0.6833254 | I4: =G4 -> -0.94037971 | J4: =0 -> 0 | K4: =G4 -> -0.94037971 | L4: =$N$1 - I4 -> #VALUE! | P4: 3.5581911 | Q4: Guassian Process Regressor | R4: UCB | S4: 100 | T4: 3
A5: Week 4 | B5: 0.57822 | C5: 0.311822 | D5: 0.237757 | E5: 0.422315 | F5: 0.588271 | H5: -1.4991275 | I5: =MAX(I4, G5) -> -0.94037971 | J5: =G5 - I4 -> 0.94037971 | K5: =MAX(K4, G5) -> -0.94037971 | L5: =$N$1 - I5 -> #VALUE! | M5: =SQRT(SUMXMY2(B5:F5, B4:F4)) -> 0.71765169 | O5: =IF(I4=0,0,(G5 - I4)/ABS(I4)) -> 1
A6: Week 5 | B6: 0.501329 | C6: 0.21139 | D6: 0.390924 | E6: 0.97055 | F6: 0.015922 | G6: -0.53486724 | H6: -0.88661841 | I6: =MAX(I5, G6) -> -0.53486724 | J6: =G6 - I5 -> 0.40551246 | K6: =MAX(K5, G6) -> -0.53486724 | L6: =$N$1 - I6 -> #VALUE! | M6: =SQRT(SUMXMY2(B6:F6, B5:F5)) -> 0.81707034 | O6: =IF(I5=0,0,(G6 - I5)/ABS(I5)) -> 0.43122205 | P6: 0.49632116
A7: Week 6 | I7: =MAX(I6, G7) -> -0.53486724 | J7: =G7 - I6 -> 0.53486724 | K7: =MAX(K6, G7) -> -0.53486724 | L7: =$N$1 - I7 -> #VALUE! | M7: =SQRT(SUMXMY2(B7:F7, B6:F6)) -> #DIV/0! | O7: =IF(I6=0,0,(G7 - I6)/ABS(I6)) -> 1
A8: Week 7 | I8: =MAX(I7, G8) -> -0.53486724 | J8: =G8 - I7 -> 0.53486724 | K8: =MAX(K7, G8) -> -0.53486724 | L8: =$N$1 - I8 -> #VALUE! | M8: =SQRT(SUMXMY2(B8:F8, B7:F7)) -> #DIV/0! | O8: =IF(I7=0,0,(G8 - I7)/ABS(I7)) -> 1
A9: Week 8 | I9: =MAX(I8, G9) -> -0.53486724 | J9: =G9 - I8 -> 0.53486724 | K9: =MAX(K8, G9) -> -0.53486724 | L9: =$N$1 - I9 -> #VALUE! | M9: =SQRT(SUMXMY2(B9:F9, B8:F8)) -> #DIV/0! | O9: =IF(I8=0,0,(G9 - I8)/ABS(I8)) -> 1
A10: Week 9 | I10: =MAX(I9, G10) -> -0.53486724 | J10: =G10 - I9 -> 0.53486724 | K10: =MAX(K9, G10) -> -0.53486724 | L10: =$N$1 - I10 -> #VALUE! | M10: =SQRT(SUMXMY2(B10:F10, B9:F9)) -> #DIV/0! | O10: =IF(I9=0,0,(G10 - I9)/ABS(I9)) -> 1
A11: Week 10 | I11: =MAX(I10, G11) -> -0.53486724 | J11: =G11 - I10 -> 0.53486724 | K11: =MAX(K10, G11) -> -0.53486724 | L11: =$N$1 - I11 -> #VALUE! | M11: =SQRT(SUMXMY2(B11:F11, B10:F10)) -> #DIV/0! | O11: =IF(I10=0,0,(G11 - I10)/ABS(I10)) -> 1
A12: Week 11 | I12: =MAX(I11, G12) -> -0.53486724 | J12: =G12 - I11 -> 0.53486724 | K12: =MAX(K11, G12) -> -0.53486724 | L12: =$N$1 - I12 -> #VALUE! | M12: =SQRT(SUMXMY2(B12:F12, B11:F11)) -> #DIV/0! | O12: =IF(I11=0,0,(G12 - I11)/ABS(I11)) -> 1
A13: Week 12 | I13: =MAX(I12, G13) -> -0.53486724 | J13: =G13 - I12 -> 0.53486724 | K13: =MAX(K12, G13) -> -0.53486724 | L13: =$N$1 - I13 -> #VALUE! | M13: =SQRT(SUMXMY2(B13:F13, B12:F12)) -> #DIV/0! | O13: =IF(I12=0,0,(G13 - I12)/ABS(I12)) -> 1
A14: Week 13 | I14: =MAX(I13, G14) -> -0.53486724 | J14: =G14 - I13 -> 0.53486724 | K14: =MAX(K13, G14) -> -0.53486724 | L14: =$N$1 - I14 -> #VALUE! | M14: =SQRT(SUMXMY2(B14:F14, B13:F13)) -> #DIV/0! | O14: =IF(I13=0,0,(G14 - I13)/ABS(I13)) -> 1
A15: Week 14 | I15: =MAX(I14, G15) -> -0.53486724 | J15: =G15 - I14 -> 0.53486724 | K15: =MAX(K14, G15) -> -0.53486724 | L15: =$N$1 - I15 -> #VALUE! | M15: =SQRT(SUMXMY2(B15:F15, B14:F14)) -> #DIV/0! | O15: =IF(I14=0,0,(G15 - I14)/ABS(I14)) -> 1
A16: Week 15 | I16: =MAX(I15, G16) -> -0.53486724 | J16: =G16 - I15 -> 0.53486724 | K16: =MAX(K15, G16) -> -0.53486724 | L16: =$N$1 - I16 -> #VALUE! | M16: =SQRT(SUMXMY2(B16:F16, B15:F15)) -> #DIV/0! | O16: =IF(I15=0,0,(G16 - I15)/ABS(I15)) -> 1
A17: Week 16 | I17: =MAX(I16, G17) -> -0.53486724 | J17: =G17 - I16 -> 0.53486724 | K17: =MAX(K16, G17) -> -0.53486724 | L17: =$N$1 - I17 -> #VALUE! | M17: =SQRT(SUMXMY2(B17:F17, B16:F16)) -> #DIV/0! | O17: =IF(I16=0,0,(G17 - I16)/ABS(I16)) -> 1
A18: Week 17 | I18: =MAX(I17, G18) -> -0.53486724 | J18: =G18 - I17 -> 0.53486724 | K18: =MAX(K17, G18) -> -0.53486724 | L18: =$N$1 - I18 -> #VALUE! | M18: =SQRT(SUMXMY2(B18:F18, B17:F17)) -> #DIV/0! | O18: =IF(I17=0,0,(G18 - I17)/ABS(I17)) -> 1
... A21: Week 20 | I21: =MAX(I20, G21) -> -0.53486724 | J21: =G21 - I20 -> 0.53486724 | K21: =MAX(K20, G21) -> -0.53486724 | L21: =$N$1 - I21 -> #VALUE! | M21: =SQRT(SUMXMY2(B21:F21, B20:F20)) -> #DIV/0! | O21: =IF(I20=0,0,(G21 - I20)/ABS(I20)) -> 1
I22: =MAX(I21, G22) -> -0.53486724 | J22: =G22 - I21 -> 0.53486724 | K22: =MAX(K21, G22) -> -0.53486724 | L22: =$N$1 - I22 -> #VALUE! | M22: =SQRT(SUMXMY2(B22:F22, B21:F21)) -> #DIV/0! | O22: =IF(I21=0,0,(G22 - I21)/ABS(I21)) -> 1

Sheet Function 7
A1: Iteration | B1: X1 | C1: X2 | D1: X3 | E1: X4 | F1: X5 | G1: X6 | H1: Predicted Value | I1: Real Value | J1: Best so Far | K1: Improvement | L1: Cumulative Max | M1: Regret | N1: Distance from Previous | O1: Global Optimum | P1: Normalised Improvement | Q1: Acqusition Score (optional) | R1: Model | S1: Acq Method | T1: Grid Size | U1: Kappa
A2: Week 1
A3: Week 2
A4: Week 3 | B4: 0.038479 | C4: 0.518839 | D4: 0.311248 | E4: 0.237261 | F4: 0.417124 | G4: 0.684376 | H4: 1.0330127 | I4: 1.4151824 | J4: =H4 -> 1.0330127 | K4: =0 -> 0 | L4: =H4 -> 1.0330127 | M4: =$O$1 - J4 -> #VALUE! | Q4: 4.2940262 | R4: Guassian Process Regressor | S4: UCB | T4: 100 | U4: 3
A5: Week 4 | B5: 0.107718 | C5: 0.586286 | D5: 0.175377 | E5: 0.303162 | F5: 0.560604 | G5: 0.684376 | I5: 0.47903596 | J5: =MAX(J4, H5) -> 1.0330127 | K5: =H5 - J4 -> -1.0330127 | L5: =MAX(L4, H5) -> 1.0330127 | M5: =$O$1 - J5 -> #VALUE! | N5: =SQRT(SUMXMY2(B5:G5, B4:G4)) -> 0.2296378 | P5: =IF(J4=0,0,(H5 - J4)/ABS(J4)) -> -1
A6: Week 5 | B6: 0 | C6: 0.99097 | D6: 0.990603 | E6: 0 | F6: 0 | G6: 1.017683 | H6: 0.60658334 | I6: 0.028769357 | J6: =MAX(J5, H6) -> 1.0330127 | K6: =H6 - J5 -> -0.42642935 | L6: =MAX(L5, H6) -> 1.0330127 | M6: =$O$1 - J6 -> #VALUE! | N6: =SQRT(SUMXMY2(B6:G6, B5:G5)) -> 1.1650079 | P6: =IF(J5=0,0,(H6 - J5)/ABS(J5)) -> -0.41280166 | Q6: 0.019161732
A7: Week 6 | J7: =MAX(J6, H7) -> 1.0330127 | K7: =H7 - J6 -> -1.0330127 | L7: =MAX(L6, H7) -> 1.0330127 | M7: =$O$1 - J7 -> #VALUE! | N7: =SQRT(SUMXMY2(B7:G7, B6:G6)) -> #DIV/0! | P7: =IF(J6=0,0,(H7 - J6)/ABS(J6)) -> -1
A8: Week 7 | J8: =MAX(J7, H8) -> 1.0330127 | K8: =H8 - J7 -> -1.0330127 | L8: =MAX(L7, H8) -> 1.0330127 | M8: =$O$1 - J8 -> #VALUE! | N8: =SQRT(SUMXMY2(B8:G8, B7:G7)) -> #DIV/0! | P8: =IF(J7=0,0,(H8 - J7)/ABS(J7)) -> -1
A9: Week 8 | J9: =MAX(J8, H9) -> 1.0330127 | K9: =H9 - J8 -> -1.0330127 | L9: =MAX(L8, H9) -> 1.0330127 | M9: =$O$1 - J9 -> #VALUE! | N9: =SQRT(SUMXMY2(B9:G9, B8:G8)) -> #DIV/0! | P9: =IF(J8=0,0,(H9 - J8)/ABS(J8)) -> -1
A10: Week 9 | J10: =MAX(J9, H10) -> 1.0330127 | K10: =H10 - J9 -> -1.0330127 | L10: =MAX(L9, H10) -> 1.0330127 | M10: =$O$1 - J10 -> #VALUE! | N10: =SQRT(SUMXMY2(B10:G10, B9:G9)) -> #DIV/0! | P10: =IF(J9=0,0,(H10 - J9)/ABS(J9)) -> -1
A11: Week 10 | J11: =MAX(J10, H11) -> 1.0330127 | K11: =H11 - J10 -> -1.0330127 | L11: =MAX(L10, H11) -> 1.0330127 | M11: =$O$1 - J11 -> #VALUE! | N11: =SQRT(SUMXMY2(B11:G11, B10:G10)) -> #DIV/0! | P11: =IF(J10=0,0,(H11 - J10)/ABS(J10)) -> -1
A12: Week 11 | J12: =MAX(J11, H12) -> 1.0330127 | K12: =H12 - J11 -> -1.0330127 | L12: =MAX(L11, H12) -> 1.0330127 | M12: =$O$1 - J12 -> #VALUE! | N12: =SQRT(SUMXMY2(B12:G12, B11:G11)) -> #DIV/0! | P12: =IF(J11=0,0,(H12 - J11)/ABS(J11)) -> -1
A13: Week 12 | J13: =MAX(J12, H13) -> 1.0330127 | K13: =H13 - J12 -> -1.0330127 | L13: =MAX(L12, H13) -> 1.0330127 | M13: =$O$1 - J13 -> #VALUE! | N13: =SQRT(SUMXMY2(B13:G13, B12:G12)) -> #DIV/0! | P13: =IF(J12=0,0,(H13 - J12)/ABS(J12)) -> -1
A14: Week 13 | J14: =MAX(J13, H14) -> 1.0330127 | K14: =H14 - J13 -> -1.0330127 | L14: =MAX(L13, H14) -> 1.0330127 | M14: =$O$1 - J14 -> #VALUE! | N14: =SQRT(SUMXMY2(B14:G14, B13:G13)) -> #DIV/0! | P14: =IF(J13=0,0,(H14 - J13)/ABS(J13)) -> -1
A15: Week 14 | J15: =MAX(J14, H15) -> 1.0330127 | K15: =H15 - J14 -> -1.0330127 | L15: =MAX(L14, H15) -> 1.0330127 | M15: =$O$1 - J15 -> #VALUE! | N15: =SQRT(SUMXMY2(B15:G15, B14:G14)) -> #DIV/0! | P15: =IF(J14=0,0,(H15 - J14)/ABS(J14)) -> -1
A16: Week 15 | J16: =MAX(J15, H16) -> 1.0330127 | K16: =H16 - J15 -> -1.0330127 | L16: =MAX(L15, H16) -> 1.0330127 | M16: =$O$1 - J16 -> #VALUE! | N16: =SQRT(SUMXMY2(B16:G16, B15:G15)) -> #DIV/0! | P16: =IF(J15=0,0,(H16 - J15)/ABS(J15)) -> -1
A17: Week 16 | J17: =MAX(J16, H17) -> 1.0330127 | K17: =H17 - J16 -> -1.0330127 | L17: =MAX(L16, H17) -> 1.0330127 | M17: =$O$1 - J17 -> #VALUE! | N17: =SQRT(SUMXMY2(B17:G17, B16:G16)) -> #DIV/0! | P17: =IF(J16=0,0,(H17 - J16)/ABS(J16)) -> -1
A18: Week 17 | J18: =MAX(J17, H18) -> 1.0330127 | K18: =H18 - J17 -> -1.0330127 | L18: =MAX(L17, H18) -> 1.0330127 | M18: =$O$1 - J18 -> #VALUE! | N18: =SQRT(SUMXMY2(B18:G18, B17:G17)) -> #DIV/0! | P18: =IF(J17=0,0,(H18 - J17)/ABS(J17)) -> -1
... A21: Week 20 | J21: =MAX(J20, H21) -> 1.0330127 | K21: =H21 - J20 -> -1.0330127 | L21: =MAX(L20, H21) -> 1.0330127 | M21: =$O$1 - J21 -> #VALUE! | N21: =SQRT(SUMXMY2(B21:G21, B20:G20)) -> #DIV/0! | P21: =IF(J20=0,0,(H21 - J20)/ABS(J20)) -> -1
J22: =MAX(J21, H22) -> 1.0330127 | K22: =H22 - J21 -> -1.0330127 | L22: =MAX(L21, H22) -> 1.0330127 | M22: =$O$1 - J22 -> #VALUE! | N22: =SQRT(SUMXMY2(B22:G22, B21:G21)) -> #DIV/0! | P22: =IF(J21=0,0,(H22 - J21)/ABS(J21)) -> -1

Sheet Function 8
A1: Iteration | B1: X1 | C1: X2 | D1: X3 | E1: X4 | F1: X5 | G1: X6 | H1: X7 | I1: X8 | J1: Predicted Value | K1: Real Value | L1: Best so Far | M1: Improvement | N1: Cumulative Max | O1: Regret | P1: Distance from Previous | Q1: Global Optimum | R1: Normalised Improvement | S1: Acqusition Score (optional) | T1: Model | U1: Acq Method | V1: Grid Size | W1: Kappa
A2: Week 1
A3: Week 2
A4: Week 3 | B4: 0.043751 | C4: 0.045306 | D4: 0.045319 | E4: 0.033695 | F4: 0.337741 | G4: 0.771663 | H4: 0.496881 | I4: 0.775992 | J4: 8.7836286 | K4: 9.5876553 | L4: =J4 -> 8.7836286 | M4: =0 -> 0 | N4: =J4 -> 8.7836286 | O4: =$Q$1 - L4 -> #VALUE! | S4: 3.6081473 | T4: Guassian Process Regressor | U4: UCB | V4: 100 | W4: 3
A5: Week 4 | B5: 0.480871 | C5: 0.190087 | D5: 0.193605 | E5: 0.710357 | F5: 0.197956 | G5: 0.208186 | H5: 0.219257 | I5: 0.503654 | K5: 9.114077 | L5: =MAX(L4, J5) -> 8.7836286 | M5: =J5 - L4 -> -8.7836286 | N5: =MAX(N4, J5) -> 8.7836286 | O5: =$Q$1 - L5 -> #VALUE! | P5: =SQRT(SUMXMY2(B5:I5, B4:I4)) -> 1.0863631 | R5: =IF(L4=0,0,(J5 - L4)/ABS(L4)) -> -1
A6: Week 5 | B6: 0 | C6: 0 | D6: 0 | E6: 0.845416 | F6: 0.918723 | G6: 0.589616 | H6: 0 | I6: 0 | J6: 10.335678 | K6: 9.292118 | L6: =MAX(L5, J6) -> 10.335678 | M6: =J6 - L5 -> 1.5520498 | N6: =MAX(N5, J6) -> 10.335678 | O6: =$Q$1 - L6 -> #VALUE! | P6: =SQRT(SUMXMY2(B6:I6, B5:I5)) -> 1.1357063 | R6: =IF(L5=0,0,(J6 - L5)/ABS(L5)) -> 0.17669802 | S6: 0.76758681
A7: Week 6 | L7: =MAX(L6, J7) -> 10.335678 | M7: =J7 - L6 -> -10.335678 | N7: =MAX(N6, J7) -> 10.335678 | O7: =$Q$1 - L7 -> #VALUE! | P7: =SQRT(SUMXMY2(B7:I7, B6:I6)) -> #DIV/0! | R7: =IF(L6=0,0,(J7 - L6)/ABS(L6)) -> -1
A8: Week 7 | L8: =MAX(L7, J8) -> 10.335678 | M8: =J8 - L7 -> -10.335678 | N8: =MAX(N7, J8) -> 10.335678 | O8: =$Q$1 - L8 -> #VALUE! | P8: =SQRT(SUMXMY2(B8:I8, B7:I7)) -> #DIV/0! | R8: =IF(L7=0,0,(J8 - L7)/ABS(L7)) -> -1
A9: Week 8 | L9: =MAX(L8, J9) -> 10.335678 | M9: =J9 - L8 -> -10.335678 | N9: =MAX(N8, J9) -> 10.335678 | O9: =$Q$1 - L9 -> #VALUE! | P9: =SQRT(SUMXMY2(B9:I9, B8:I8)) -> #DIV/0! | R9: =IF(L8=0,0,(J9 - L8)/ABS(L8)) -> -1
A10: Week 9 | L10: =MAX(L9, J10) -> 10.335678 | M10: =J10 - L9 -> -10.335678 | N10: =MAX(N9, J10) -> 10.335678 | O10: =$Q$1 - L10 -> #VALUE! | P10: =SQRT(SUMXMY2(B10:I10, B9:I9)) -> #DIV/0! | R10: =IF(L9=0,0,(J10 - L9)/ABS(L9)) -> -1
A11: Week 10 | L11: =MAX(L10, J11) -> 10.335678 | M11: =J11 - L10 -> -10.335678 | N11: =MAX(N10, J11) -> 10.335678 | O11: =$Q$1 - L11 -> #VALUE! | P11: =SQRT(SUMXMY2(B11:I11, B10:I10)) -> #DIV/0! | R11: =IF(L10=0,0,(J11 - L10)/ABS(L10)) -> -1
A12: Week 11 | L12: =MAX(L11, J12) -> 10.335678 | M12: =J12 - L11 -> -10.335678 | N12: =MAX(N11, J12) -> 10.335678 | O12: =$Q$1 - L12 -> #VALUE! | P12: =SQRT(SUMXMY2(B12:I12, B11:I11)) -> #DIV/0! | R12: =IF(L11=0,0,(J12 - L11)/ABS(L11)) -> -1
A13: Week 12 | L13: =MAX(L12, J13) -> 10.335678 | M13: =J13 - L12 -> -10.335678 | N13: =MAX(N12, J13) -> 10.335678 | O13: =$Q$1 - L13 -> #VALUE! | P13: =SQRT(SUMXMY2(B13:I13, B12:I12)) -> #DIV/0! | R13: =IF(L12=0,0,(J13 - L12)/ABS(L12)) -> -1
A14: Week 13 | L14: =MAX(L13, J14) -> 10.335678 | M14: =J14 - L13 -> -10.335678 | N14: =MAX(N13, J14) -> 10.335678 | O14: =$Q$1 - L14 -> #VALUE! | P14: =SQRT(SUMXMY2(B14:I14, B13:I13)) -> #DIV/0! | R14: =IF(L13=0,0,(J14 - L13)/ABS(L13)) -> -1
A15: Week 14 | L15: =MAX(L14, J15) -> 10.335678 | M15: =J15 - L14 -> -10.335678 | N15: =MAX(N14, J15) -> 10.335678 | O15: =$Q$1 - L15 -> #VALUE! | P15: =SQRT(SUMXMY2(B15:I15, B14:I14)) -> #DIV/0! | R15: =IF(L14=0,0,(J15 - L14)/ABS(L14)) -> -1
A16: Week 15 | L16: =MAX(L15, J16) -> 10.335678 | M16: =J16 - L15 -> -10.335678 | N16: =MAX(N15, J16) -> 10.335678 | O16: =$Q$1 - L16 -> #VALUE! | P16: =SQRT(SUMXMY2(B16:I16, B15:I15)) -> #DIV/0! | R16: =IF(L15=0,0,(J16 - L15)/ABS(L15)) -> -1
A17: Week 16 | L17: =MAX(L16, J17) -> 10.335678 | M17: =J17 - L16 -> -10.335678 | N17: =MAX(N16, J17) -> 10.335678 | O17: =$Q$1 - L17 -> #VALUE! | P17: =SQRT(SUMXMY2(B17:I17, B16:I16)) -> #DIV/0! | R17: =IF(L16=0,0,(J17 - L16)/ABS(L16)) -> -1
A18: Week 17 | L18: =MAX(L17, J18) -> 10.335678 | M18: =J18 - L17 -> -10.335678 | N18: =MAX(N17, J18) -> 10.335678 | O18: =$Q$1 - L18 -> #VALUE! | P18: =SQRT(SUMXMY2(B18:I18, B17:I17)) -> #DIV/0! | R18: =IF(L17=0,0,(J18 - L17)/ABS(L17)) -> -1
... A21: Week 20 | L21: =MAX(L20, J21) -> 10.335678 | M21: =J21 - L20 -> -10.335678 | N21: =MAX(N20, J21) -> 10.335678 | O21: =$Q$1 - L21 -> #VALUE! | P21: =SQRT(SUMXMY2(B21:I21, B20:I20)) -> #DIV/0! | R21: =IF(L20=0,0,(J21 - L20)/ABS(L20)) -> -1
L22: =MAX(L21, J22) -> 10.335678 | M22: =J22 - L21 -> -10.335678 | N22: =MAX(N21, J22) -> 10.335678 | O22: =$Q$1 - L22 -> #VALUE! | P22: =SQRT(SUMXMY2(B22:I22, B21:I21)) -> #DIV/0! | R22: =IF(L21=0,0,(J22 - L21)/ABS(L21)) -> -1
